{
  "rects": {
    "portrait_panel": { "x": 0.009375, "y": 0.02037, "w": 0.18, "h": 0.1 },
    "top_panel_0": { "x": 0.209375, "y": 0.02037, "w": 0.129167, "h": 0.053704 },
    "top_panel_1": { "x": 0.351042, "y": 0.02037, "w": 0.088542, "h": 0.053704 },
    "top_panel_2": { "x": 0.448958, "y": 0.02037, "w": 0.078125, "h": 0.053704 },
    "top_panel_3": { "x": 0.536458, "y": 0.02037, "w": 0.097917, "h": 0.053704 },
    "time_panel": { "x": 0.805208, "y": 0.02037, "w": 0.175, "h": 0.053704 },
    "objectives_panel": { "x": 0.805208, "y": 0.096296, "w": 0.175, "h": 0.25 },
    "warning_panel": { "x": 0.805208, "y": 0.368519, "w": 0.175, "h": 0.157407 },
    "mode_button_start": { "x": 0.017708, "y": 0.853704, "w": 0.05625, "h": 0.048148 },
    "tool_slot_start": { "x": 0.017708, "y": 0.907407, "w": 0.05625, "h": 0.07963 },
    "survivor_start": { "x": 0.71875, "y": 0.837037, "w": 0.08125, "h": 0.151852 }
  },
  "metrics": {
    "mode_button_gap": 0.008333,
    "mode_button_count": 4,
    "tool_slot_gap": 0.008333,
    "tool_slot_count": 9,
    "survivor_gap": 0.008333,
    "survivor_count": 3
  }
}
