{
  "rects": {
    "resource_strip": { "x": 0.0125, "y": 0.016667, "w": 0.975, "h": 0.055556 },
    "weapon_list_panel": {
      "x": 0.016667,
      "y": 0.111111,
      "w": 0.158333,
      "h": 0.685185,
      "children": {
        "title": { "x": 0.05, "y": 0.035, "w": 0.6, "h": 0.08, "text": "$panel.weapon_list" },
        "list_view": { "x": 0.04, "y": 0.12, "w": 0.92, "h": 0.84 }
      }
    },
    "preview_panel": { "x": 0.192708, "y": 0.116667, "w": 0.484375, "h": 0.518519 },
    "preview_nameplate": { "x": 0.323958, "y": 0.122222, "w": 0.221875, "h": 0.053704 },
    "stats_panel": { "x": 0.703125, "y": 0.116667, "w": 0.276042, "h": 0.388889 },
    "effects_panel": { "x": 0.703125, "y": 0.524074, "w": 0.276042, "h": 0.142593 },
    "upgrade_panel": { "x": 0.703125, "y": 0.685185, "w": 0.276042, "h": 0.268519 },
    "attachments_panel": {
      "x": 0.192708,
      "y": 0.662963,
      "w": 0.484375,
      "h": 0.144444,
      "children": {
        "title": { "x": 0.03, "y": 0.04, "w": 0.5, "h": 0.12, "text": "$panel.attachment_slots" },
        "list_view": { "x": 0.025, "y": 0.18, "w": 0.95, "h": 0.76 }
      }
    },
    "parts_panel": { "x": 0.192708, "y": 0.825926, "w": 0.484375, "h": 0.127778 }
  },
  "metrics": {
    "weapon_list_row_height": 0.096296,
    "weapon_list_row_pitch": 0.109259,
    "attachment_slot_count": 6
  }
}
